<?xml version='1.0' encoding='UTF-8' ?>
<timeLogEntries>
  <time id="1" path="/Proyecto/PSP Fundamentals &amp; Advanced/Program 1/Planning" start="@1486237012744" delta="30" interrupt="2" />
  <time id="2" path="/Proyecto/PSP Fundamentals &amp; Advanced/Program 1/Design" start="@1486238949181" delta="131" interrupt="4" />
  <time id="3" path="/Proyecto/PSP Fundamentals &amp; Advanced/Program 1/Code" start="@1486247062630" delta="252" interrupt="32" />
  <time id="4" path="/Proyecto/PSP Fundamentals &amp; Advanced/Program 1/Compile" start="@1486264139950" delta="3" />
  <time id="5" path="/Proyecto/PSP Fundamentals &amp; Advanced/Program 1/Test" start="@1486264325340" delta="73" />
  <time id="6" path="/Proyecto/PSP Fundamentals &amp; Advanced/Program 1/Postmortem" start="@1486268714235" delta="3" />
  <time id="7" path="/Proyecto/PSP Fundamentals &amp; Advanced/Program 2/Planning" start="@1487458274932" delta="75" interrupt="6" />
  <time id="8" path="/Proyecto/PSP Fundamentals &amp; Advanced/Program 2/Planning" start="@1487464038503" delta="30" />
  <time id="9" path="/Proyecto/PSP Fundamentals &amp; Advanced/Program 2/Design" start="@1487465817361" delta="34" />
  <time id="10" path="/Proyecto/PSP Fundamentals &amp; Advanced/Program 2/Design" start="@1487468576006" delta="15" />
  <time id="11" path="/Proyecto/PSP Fundamentals &amp; Advanced/Program 2/Design" start="@1487477198312" delta="165" />
  <time id="12" path="/Proyecto/PSP Fundamentals &amp; Advanced/Program 2/Code" start="@1487487119820" delta="206" />
  <time id="13" path="/Proyecto/PSP Fundamentals &amp; Advanced/Program 2/Code" start="@1487523819418" delta="106" />
  <time id="14" path="/Proyecto/PSP Fundamentals &amp; Advanced/Program 2/Code" start="@1487534161800" delta="58" />
  <time id="15" path="/Proyecto/PSP Fundamentals &amp; Advanced/Program 2/Code" start="@1487539437320" delta="62" />
  <time id="16" path="/Proyecto/PSP Fundamentals &amp; Advanced/Program 2/Compile" start="@1487543185872" delta="2" />
  <time id="17" path="/Proyecto/PSP Fundamentals &amp; Advanced/Program 2/Test" start="@1487543280903" delta="35" interrupt="22" />
  <time id="18" path="/Proyecto/PSP Fundamentals &amp; Advanced/Program 2/Test" start="@1487546839458" delta="79" interrupt="9" />
  <time id="19" path="/Proyecto/PSP Fundamentals &amp; Advanced/Program 2/Test" start="@1487553050609" delta="35" interrupt="7" />
  <time id="20" path="/Proyecto/PSP Fundamentals &amp; Advanced/Program 2/Test" start="@1487556278195" delta="30" interrupt="2" />
  <time id="21" path="/Proyecto/PSP Fundamentals &amp; Advanced/Program 2/Test" start="@1487558746467" delta="6" />
  <time id="22" path="/Proyecto/PSP Fundamentals &amp; Advanced/Program 2/Test" start="@1487559468538" delta="2" />
  <time id="23" path="/Proyecto/PSP Fundamentals &amp; Advanced/Program 2/Test" start="@1487560052094" delta="12" />
  <time id="24" path="/Proyecto/PSP Fundamentals &amp; Advanced/Program 2/Test" start="@1487561563137" delta="23" />
  <time id="25" path="/Proyecto/PSP Fundamentals &amp; Advanced/Program 2/Postmortem" start="@1487562930639" delta="3" />
  <time id="26" path="/Proyecto/PSP Fundamentals &amp; Advanced/Program 2/Postmortem" start="@1487563453741" delta="47" interrupt="2" />
  <time id="27" path="/Proyecto/PSP Fundamentals &amp; Advanced/Program 3/Planning" start="@1488691129418" delta="31" interrupt="1" />
  <time id="28" path="/Proyecto/PSP Fundamentals &amp; Advanced/Program 3/Planning" start="@1488723068397" delta="9" />
  <time id="29" path="/Proyecto/PSP Fundamentals &amp; Advanced/Program 3/Planning" start="@1488724192877" delta="33" />
  <time id="30" path="/Proyecto/PSP Fundamentals &amp; Advanced/Program 3/Planning" start="@1488727232925" delta="12" interrupt="4" />
  <time id="31" path="/Proyecto/PSP Fundamentals &amp; Advanced/Program 3/Planning" start="@1488731247141" delta="3" />
  <time id="32" path="/Proyecto/PSP Fundamentals &amp; Advanced/Program 3/Planning" start="@1488740147146" delta="21" />
  <time id="33" path="/Proyecto/PSP Fundamentals &amp; Advanced/Program 3/Planning" start="@1488741826938" delta="58" interrupt="2" />
  <time id="34" path="/Proyecto/PSP Fundamentals &amp; Advanced/Program 3/Design" start="@1488745480357" delta="48" />
  <time id="35" path="/Proyecto/PSP Fundamentals &amp; Advanced/Program 3/Design Review" start="@1488748368179" delta="46" />
  <time id="36" path="/Proyecto/PSP Fundamentals &amp; Advanced/Program 3/Code" start="@1488751152000" delta="326" interrupt="23" />
  <time id="37" path="/Proyecto/PSP Fundamentals &amp; Advanced/Program 3/Code Review" start="@1488772163345" delta="43" />
  <time id="38" path="/Proyecto/PSP Fundamentals &amp; Advanced/Program 3/Test" start="@1488774773000" delta="110" />
  <time id="39" path="/Proyecto/PSP Fundamentals &amp; Advanced/Program 3/Postmortem" start="@1488781106960" delta="1" />
  <time id="40" path="/Proyecto/PSP Fundamentals &amp; Advanced/Program 3/Postmortem" start="@1488781175085" delta="9" />
  <time id="41" path="/Proyecto/PSP Fundamentals &amp; Advanced/Program 3/Postmortem" start="@1488781737711" delta="6" />
  <time id="42" path="/Proyecto/PSP Fundamentals &amp; Advanced/Program 3/Planning" start="@1488782111459" delta="1" />
  <time id="43" path="/Proyecto/PSP Fundamentals &amp; Advanced/Program 3/Postmortem" start="@1488782160542" delta="12" />
  <time id="44" path="/Proyecto/PSP Fundamentals &amp; Advanced/Program 4/Planning" start="@1489854406625" delta="21" />
  <time id="45" path="/Proyecto/PSP Fundamentals &amp; Advanced/Program 4/Planning" start="@1489858714859" delta="36" />
  <time id="46" path="/Proyecto/PSP Fundamentals &amp; Advanced/Program 4/Planning" start="@1489876522358" delta="14" />
  <time id="47" path="/Proyecto/PSP Fundamentals &amp; Advanced/Program 4/Planning" start="@1489877839689" delta="79" interrupt="4" />
  <time id="48" path="/Proyecto/PSP Fundamentals &amp; Advanced/Program 4/Design" start="@1489882811552" delta="54" interrupt="7" />
  <time id="49" path="/Proyecto/PSP Fundamentals &amp; Advanced/Program 4/Design" start="@1489887614160" delta="8" />
  <time id="50" path="/Proyecto/PSP Fundamentals &amp; Advanced/Program 4/Design" start="@1489888417766" delta="2" />
  <time id="51" path="/Proyecto/PSP Fundamentals &amp; Advanced/Program 4/Design Review" start="@1489888552267" delta="20" />
  <time id="52" path="/Proyecto/PSP Fundamentals &amp; Advanced/Program 4/Code" start="@1489889781447" delta="283" interrupt="2" />
  <time id="53" path="/Proyecto/PSP Fundamentals &amp; Advanced/Program 4/Code Review" start="@1489906889573" delta="28" />
  <time id="54" path="/Proyecto/PSP Fundamentals &amp; Advanced/Program 4/Test" start="@1489908600297" delta="42" />
  <time id="55" path="/Proyecto/PSP Fundamentals &amp; Advanced/Program 4/Postmortem" start="@1489911116430" delta="37" />
  <time id="56" path="/Proyecto/PSP Fundamentals &amp; Advanced/Program 5/Planning" start="@1490668622810" delta="72" />
  <time id="57" path="/Proyecto/PSP Fundamentals &amp; Advanced/Program 5/Planning" start="@1490673877026" delta="16" />
  <time id="58" path="/Proyecto/PSP Fundamentals &amp; Advanced/Program 5/Planning" start="@1490761941070" delta="37" />
  <time id="59" path="/Proyecto/PSP Fundamentals &amp; Advanced/Program 5/Planning" start="@1490934683733" delta="62" />
  <time id="60" path="/Proyecto/PSP Fundamentals &amp; Advanced/Program 5/Planning" start="@1491011349450" delta="17" />
  <time id="61" path="/Proyecto/PSP Fundamentals &amp; Advanced/Program 5/Planning" start="@1491014410875" delta="6" />
  <time id="62" path="/Proyecto/PSP Fundamentals &amp; Advanced/Program 5/Design" start="@1491014798011" delta="151" interrupt="1" />
  <time id="63" path="/Proyecto/PSP Fundamentals &amp; Advanced/Program 5/Design" start="@1491057709074" delta="54" />
  <time id="64" path="/Proyecto/PSP Fundamentals &amp; Advanced/Program 5/Design Review" start="@1491060934901" delta="60" interrupt="11" />
  <time id="65" path="/Proyecto/PSP Fundamentals &amp; Advanced/Program 5/Code" start="@1491065210162" delta="106" />
  <time id="66" path="/Proyecto/PSP Fundamentals &amp; Advanced/Program 5/Code" start="@1491074712649" delta="60" />
  <time id="67" path="/Proyecto/PSP Fundamentals &amp; Advanced/Program 5/Code" start="@1491080152594" delta="9" />
  <time id="68" path="/Proyecto/PSP Fundamentals &amp; Advanced/Program 5/Code" start="@1491081166077" delta="57" interrupt="23" />
  <time id="69" path="/Proyecto/PSP Fundamentals &amp; Advanced/Program 5/Code Review" start="@1491085962031" delta="50" />
  <time id="70" path="/Proyecto/PSP Fundamentals &amp; Advanced/Program 5/Compile" start="@1491088968565" delta="2" />
  <time id="71" path="/Proyecto/PSP Fundamentals &amp; Advanced/Program 5/Test" start="@1491089086410" delta="22" interrupt="4" />
  <time id="72" path="/Proyecto/PSP Fundamentals &amp; Advanced/Program 5/Test" start="@1491091042762" delta="25" />
  <time id="73" path="/Proyecto/PSP Fundamentals &amp; Advanced/Program 5/Test" start="@1491093187261" delta="38" interrupt="4" />
  <time id="74" path="/Proyecto/PSP Fundamentals &amp; Advanced/Program 5/Test" start="@1491096884337" delta="24" interrupt="130" />
  <time id="75" path="/Proyecto/PSP Fundamentals &amp; Advanced/Program 5/Postmortem" start="@1491106187305" delta="43" interrupt="2" />
  <time id="76" path="/Proyecto/PSP Fundamentals &amp; Advanced/Program 6/Planning" start="@1491685554250" delta="51" />
  <time id="77" path="/Proyecto/PSP Fundamentals &amp; Advanced/Program 6/Planning" start="@1491691819304" delta="44" interrupt="2" />
  <time id="78" path="/Proyecto/PSP Fundamentals &amp; Advanced/Program 6/Design" start="@1491694630230" delta="21" />
  <time id="79" path="/Proyecto/PSP Fundamentals &amp; Advanced/Program 6/Design Review" start="@1491695873882" delta="14" />
  <time id="80" path="/Proyecto/PSP Fundamentals &amp; Advanced/Program 6/Code" start="@1491696713010" delta="77" interrupt="4" />
  <time id="81" path="/Proyecto/PSP Fundamentals &amp; Advanced/Program 6/Code Review" start="@1491701605951" delta="7" />
  <time id="82" path="/Proyecto/PSP Fundamentals &amp; Advanced/Program 6/Code Review" start="@1491702470123" delta="7" />
  <time id="83" path="/Proyecto/PSP Fundamentals &amp; Advanced/Program 6/Test" start="@1491702927150" delta="24" />
  <time id="84" path="/Proyecto/PSP Fundamentals &amp; Advanced/Program 6/Test" start="@1491771637865" delta="27" />
  <time id="85" path="/Proyecto/PSP Fundamentals &amp; Advanced/Program 6/Postmortem" start="@1491773260955" delta="27" />
  <time id="86" path="/Proyecto/PSP Fundamentals &amp; Advanced/Program 7/Planning" start="@1492999479567" delta="92" />
  <time id="87" path="/Proyecto/PSP Fundamentals &amp; Advanced/Program 7/Planning" start="@1493088461469" delta="59" />
  <time id="88" path="/Proyecto/PSP Fundamentals &amp; Advanced/Program 7/Design" start="@1493479777827" delta="226" interrupt="43" />
  <time id="89" path="/Proyecto/PSP Fundamentals &amp; Advanced/Program 7/Design Review" start="@1493495968866" delta="16" />
  <time id="90" path="/Proyecto/PSP Fundamentals &amp; Advanced/Program 7/Design Review" start="@1493497385965" delta="16" />
  <time id="91" path="/Proyecto/PSP Fundamentals &amp; Advanced/Program 7/Code" start="@1493498357703" delta="402" interrupt="40" />
  <time id="92" path="/Proyecto/PSP Fundamentals &amp; Advanced/Program 7/Code Review" start="@1493524915249" delta="44" />
</timeLogEntries>
